company,query,queryType,data,source
Facebook,email,email,security@facebookmail.com,https://www.reddit.com/r/facebook/comments/18uf7sr/is_the_email_address_securityfacebookmailcom_a/
Facebook,email,email,support@fb.com,https://www.howtogeek.com/848523/how-to-contact-facebook-for-account-help/
Facebook,email,email,press@fb.com,https://www.howtogeek.com/848523/how-to-contact-facebook-for-account-help/
Facebook,email,email,support@fb.com,https://doubletick.io/blog/how-to-contact-facebook-support
Facebook,email,email,press@fb.com,https://doubletick.io/blog/how-to-contact-facebook-support
Facebook,address,address,1 Hacker Way,https://www.reddit.com/r/facebookdisabledme/comments/xab234/is_facebook_real_address_1_hacker_way_menlo_park/
Facebook,address,address,1601 Willow Dr,https://www.reddit.com/r/facebookdisabledme/comments/xab234/is_facebook_real_address_1_hacker_way_menlo_park/
Facebook,address,address,1 Hacker Way,https://simplybuiltsites.com/facebook-phishing-attempt/
Facebook,address,address,1 Hacker Way,https://www.zdnet.com/article/facebooks-new-headquarters-is-located-at-1-hacker-way/
Facebook,address,address,181 Fremont St,https://www.mapquest.com/us/california/facebook-inc-429559996
Facebook,address,address,1601 Willow Rd,https://www.globaldata.com/company-profile/facebook-inc/locations/
Facebook,address,address,1 Hacker Way,https://www.worldatlas.com/articles/where-is-the-headquarters-of-facebook-located.html
Facebook,phone,phone,+1   ,https://www.reddit.com/r/facebookdisabledme/comments/1buyp9p/question_is_the_following_facebook_phone_number/
Microsoft,address,address,1 Microsoft Way,https://www.mapquest.com/us/washington/microsoft-corporation-12544878
Microsoft,address,address,1 Microsoft Way,https://www.dnb.com/business-directory/company-profiles.microsoft_corporation.11cc3fba5624e87df547d444810e77f8.html
Microsoft,address,address,1 Microsoft Way,https://www.corporate-office-headquarters.com/microsoft
